Date,PM2.5
2023/10/1,84
2023/10/2,94
2023/10/3,50
2023/10/4,47
2023/10/5,63
2023/10/6,22
2023/10/7,35
2023/10/8,26
2023/10/9,36
2023/10/10,18
2023/10/11,15
2023/10/25,44
2023/10/26,45
2023/10/27,42
2023/10/28,26
2023/10/29,31
2023/10/30,48
2023/10/31,29
2023/11/1,31
2023/11/2,39
2023/11/3,46
2023/11/4,51
2023/11/5,53
2023/11/6,47
2023/11/7,54
2023/11/8,64
2023/11/9,76
2023/11/10,49
2023/11/11,60
2023/11/12,39
2023/11/13,40
2023/11/14,52
2023/11/15,55
2023/11/16,82
2023/11/17,76
2023/11/21,21
2023/11/22,81
2023/11/23,118
2023/11/25,64
2023/11/26,33
2023/11/27,1
2023/11/28,15
2023/11/29,26
2023/11/30,22
2023/12/1,55
2023/12/2,59
2023/12/3,76
2023/12/4,109
2023/12/5,105
2023/12/6,107
2023/12/8,44
2023/12/9,2
2023/12/10,2
2023/12/11,9
2023/12/12,49
2023/12/13,5
2023/12/14,60
2023/12/15,98
2023/12/16,112
2023/12/17,56
2023/12/18,33
2023/12/19,50
2023/12/20,70
2023/12/21,83
2023/12/22,68
2023/12/23,14
2023/12/24,16
2023/12/25,22
2023/12/26,55
2023/12/27,70
2023/12/28,77
2023/12/29,85
2023/12/30,92
2023/12/31,112
2023/7/1,19
2023/7/2,20
2023/7/3,25
2023/7/4,30
2023/7/5,28
2023/7/6,18
2023/7/7,5
2023/7/8,7
2023/7/9,2
2023/7/10,3
2023/7/11,8
2023/7/12,14
2023/7/13,18
2023/7/14,18
2023/7/15,18
2023/7/16,16
2023/7/17,15
2023/7/18,14
2023/7/19,17
2023/7/20,18
2023/7/21,21
2023/7/22,22
2023/7/23,23
2023/7/24,26
2023/7/25,16
2023/7/26,17
2023/7/27,25
2023/7/28,24
2023/7/29,15
2023/7/30,16
2023/7/31,14
2023/8/1,30
2023/8/2,68
2023/8/3,76
2023/8/4,60
2023/8/5,57
2023/8/6,67
2023/8/7,81
2023/8/8,67
2023/8/9,59
2023/8/10,57
2023/8/11,40
2023/8/12,22
2023/8/13,21
2023/8/14,20
2023/8/15,30
2023/8/16,33
2023/8/17,28
2023/8/18,31
2023/8/19,23
2023/8/20,23
2023/8/21,22
2023/8/22,22
2023/8/23,17
2023/8/24,16
2023/8/25,19
2023/8/26,17
2023/8/27,16
2023/8/28,17
2023/8/29,15
2023/8/30,14
2023/8/31,17
2023/9/1,28
2023/9/2,21
2023/9/3,17
2023/9/4,16
2023/9/5,14
2023/9/6,16
2023/9/7,19
2023/9/8,16
2023/9/9,14
2023/9/10,14
2023/9/11,13
2023/9/12,13
2023/9/13,13
2023/9/14,14
2023/9/15,16
2023/9/16,60
2023/9/18,68
2023/9/19,48
2023/9/20,37
2023/9/21,49
2023/9/22,54
2023/9/23,61
2023/9/24,61
2023/9/25,56
2023/9/26,49
2023/9/27,53
2023/9/28,63
2023/9/29,114
2023/9/30,72
2023/4/1,14
2023/4/2,14
2023/4/3,12
2023/4/4,19
2023/4/5,16
2023/4/6,46
2023/4/7,12
2023/4/8,3
2023/4/9,4
2023/4/10,12
2023/4/11,20
2023/4/12,11
2023/4/13,13
2023/4/14,22
2023/4/15,6
2023/4/16,3
2023/4/17,6
2023/4/18,17
2023/4/19,25
2023/4/20,28
2023/4/21,29
2023/4/22,20
2023/4/23,29
2023/4/24,27
2023/4/25,38
2023/4/26,39
2023/4/27,30
2023/4/28,43
2023/4/29,46
2023/4/30,5
2023/5/1,6
2023/5/2,7
2023/5/3,23
2023/5/4,75
2023/5/5,29
2023/5/6,27
2023/5/7,20
2023/5/8,19
2023/5/9,20
2023/5/10,21
2023/5/11,21
2023/5/12,17
2023/5/13,18
2023/5/14,20
2023/5/15,26
2023/5/16,38
2023/5/17,42
2023/5/18,29
2023/5/19,22
2023/5/20,20
2023/5/21,24
2023/5/22,20
2023/5/23,25
2023/5/24,27
2023/5/25,23
2023/5/26,27
2023/5/27,27
2023/5/28,26
2023/5/29,39
2023/5/30,51
2023/5/31,24
2023/6/1,20
2023/6/2,15
2023/6/3,14
2023/6/4,13
2023/6/5,13
2023/6/6,13
2023/6/7,14
2023/6/8,19
2023/6/9,17
2023/6/10,17
2023/6/11,21
2023/6/12,22
2023/6/13,19
2023/6/14,18
2023/6/15,17
2023/6/16,22
2023/6/17,24
2023/6/18,20
2023/6/19,18
2023/6/20,16
2023/6/21,16
2023/6/22,19
2023/6/23,19
2023/6/24,21
2023/6/25,21
2023/6/26,29
2023/6/27,22
2023/6/28,20
2023/6/29,19
2023/6/30,18
2023/1/2,57
2023/1/3,65
2023/1/4,109
2023/1/5,114
2023/1/6,67
2023/1/7,81
2023/1/8,64
2023/1/9,61
2023/1/10,34
2023/1/11,59
2023/1/12,25
2023/1/13,18
2023/1/14,20
2023/1/15,30
2023/1/16,38
2023/1/17,49
2023/1/18,9
2023/1/19,4
2023/1/20,20
2023/1/21,50
2023/1/22,29
2023/1/23,34
2023/1/24,38
2023/1/25,27
2023/1/26,25
2023/1/27,35
2023/1/28,18
2023/1/29,2
2023/1/30,3
2023/1/31,11
2023/2/1,12
2023/2/2,6
2023/2/3,3
2023/2/4,4
2023/2/5,16
2023/2/6,19
2023/2/7,1
2023/2/8,3
2023/2/9,8
2023/2/10,2
2023/2/11,4
2023/2/12,10
2023/2/13,12
2023/2/14,16
2023/2/15,10
2023/2/16,5
2023/2/17,9
2023/2/18,19
2023/2/19,24
2023/2/20,10
2023/2/21,21
2023/2/23,45
2023/2/24,18
2023/2/25,10
2023/2/26,15
2023/2/27,8
2023/2/28,39
2023/3/1,67
2023/3/2,54
2023/3/3,22
2023/3/4,21
2023/3/5,12
2023/3/6,5
2023/3/7,7
2023/3/8,7
2023/3/9,6
2023/3/10,5
2023/3/11,8
2023/3/12,5
2023/3/13,3
2023/3/14,2
2023/3/15,9
2023/3/16,24
2023/3/17,16
2023/3/18,15
2023/3/19,14
2023/3/20,12
2023/3/21,14
2023/3/22,37
2023/3/23,31
2023/3/24,15
2023/3/25,16
2023/3/26,13
2023/3/27,14
2023/3/28,13
2023/3/29,10
2023/3/30,9
2023/3/31,11
2022/10/1,59
2022/10/2,66
2022/10/3,38
2022/10/4,29
2022/10/5,22
2022/10/6,16
2022/10/7,15
2022/10/8,29
2022/10/9,36
2022/10/10,29
2022/10/11,42
2022/10/12,55
2022/10/13,32
2022/10/14,40
2022/10/15,47
2022/10/16,40
2022/10/17,38
2022/10/18,12
2022/10/19,25
2022/10/20,57
2022/10/21,31
2022/10/22,19
2022/10/23,62
2022/10/24,71
2022/10/25,58
2022/10/26,60
2022/10/27,63
2022/10/28,35
2022/10/29,31
2022/10/30,49
2022/10/31,63
2022/11/1,60
2022/11/2,61
2022/11/3,751
2022/11/4,288
2022/11/5,75
2022/11/6,74
2022/11/7,69
2022/11/8,73
2022/11/9,35
2022/11/10,33
2022/11/11,63
2022/11/12,71
2022/11/13,74
2022/11/14,88
2022/11/15,81
2022/11/16,68
2022/11/17,81
2022/11/18,52
2022/11/19,43
2022/11/20,81
2022/11/21,49
2022/11/22,56
2022/11/23,35
2022/11/24,52
2022/11/25,48
2022/11/26,26
2022/11/27,37
2022/11/28,50
2022/11/29,48
2022/11/30,54
2022/12/1,73
2022/12/2,48
2022/12/3,24
2022/12/4,30
2022/12/5,14
2022/12/6,33
2022/12/7,12
2022/12/8,54
2022/12/9,51
2022/12/10,59
2022/12/11,58
2022/12/12,6
2022/12/13,5
2022/12/14,4
2022/12/15,9
2022/12/16,35
2022/12/17,47
2022/12/18,23
2022/12/19,31
2022/12/20,13
2022/12/21,15
2022/12/22,37
2022/12/23,66
2022/12/24,56
2022/12/25,61
2022/12/26,36
2022/12/27,26
2022/12/28,67
2022/12/29,131
2022/12/30,89
2022/12/31,59
2023/1/1,99
2022/7/1,71
2022/7/2,62
2022/7/3,68
2022/7/4,56
2022/7/5,58
2022/7/6,63
2022/7/7,77
2022/7/8,62
2022/7/9,64
2022/7/10,479
2022/7/11,241
2022/7/12,74
2022/7/13,52
2022/7/14,62
2022/7/15,56
2022/7/16,61
2022/7/17,59
2022/7/18,70
2022/7/19,158
2022/7/20,102
2022/7/21,67
2022/7/22,60
2022/7/23,59
2022/7/24,50
2022/7/25,47
2022/7/26,58
2022/7/27,66
2022/7/28,68
2022/7/29,59
2022/7/30,60
2022/7/31,62
2022/8/1,77
2022/8/2,76
2022/8/3,70
2022/8/4,63
2022/8/5,69
2022/8/6,59
2022/8/7,53
2022/8/8,57
2022/8/9,50
2022/8/10,59
2022/8/11,60
2022/8/12,59
2022/8/13,63
2022/8/14,60
2022/8/15,61
2022/8/16,62
2022/8/17,54
2022/8/18,69
2022/8/19,55
2022/8/20,59
2022/8/21,61
2022/8/22,61
2022/8/23,64
2022/8/24,63
2022/8/25,66
2022/8/26,59
2022/8/27,65
2022/8/28,57
2022/8/29,59
2022/8/30,58
2022/8/31,59
2022/9/1,67
2022/9/2,73
2022/9/3,68
2022/9/4,67
2022/9/5,45
2022/9/6,46
2022/9/7,56
2022/9/8,46
2022/9/9,51
2022/9/10,54
2022/9/11,59
2022/9/12,71
2022/9/13,53
2022/9/14,53
2022/9/15,29
2022/9/16,35
2022/9/17,67
2022/9/18,63
2022/9/19,50
2022/9/20,48
2022/9/21,35
2022/9/22,25
2022/9/23,15
2022/9/24,13
2022/9/25,17
2022/9/26,39
2022/9/27,57
2022/9/28,49
2022/9/29,47
2022/9/30,53
2022/4/1,65
2022/4/2,67
2022/4/3,85
2022/4/4,93
2022/4/5,62
2022/4/6,94
2022/4/7,87
2022/4/8,95
2022/4/9,88
2022/4/11,78
2022/4/12,55
2022/4/13,60
2022/4/14,144
2022/4/15,78
2022/4/16,67
2022/4/17,71
2022/4/18,89
2022/4/19,80
2022/4/20,53
2022/4/21,55
2022/4/22,60
2022/4/23,58
2022/4/24,71
2022/4/25,81
2022/4/26,80
2022/4/27,73
2022/4/28,67
2022/4/29,60
2022/4/30,56
2022/5/1,55
2022/5/2,48
2022/5/3,54
2022/5/4,65
2022/5/5,54
2022/5/6,55
2022/5/7,49
2022/5/8,48
2022/5/9,67
2022/5/10,51
2022/5/11,49
2022/5/12,52
2022/5/13,52
2022/5/14,55
2022/5/15,67
2022/5/16,71
2022/5/17,69
2022/5/18,63
2022/5/19,62
2022/5/20,52
2022/5/21,59
2022/5/22,64
2022/5/23,59
2022/5/24,55
2022/5/25,59
2022/5/26,56
2022/5/27,64
2022/5/28,69
2022/5/29,52
2022/5/30,65
2022/5/31,78
2022/6/1,62
2022/6/2,60
2022/6/3,69
2022/6/4,125
2022/6/5,73
2022/6/6,55
2022/6/7,58
2022/6/8,71
2022/6/9,68
2022/6/10,67
2022/6/11,76
2022/6/12,84
2022/6/13,64
2022/6/14,51
2022/6/15,72
2022/6/16,67
2022/6/17,63
2022/6/18,58
2022/6/19,67
2022/6/20,57
2022/6/21,67
2022/6/22,74
2022/6/23,57
2022/6/24,60
2022/6/25,50
2022/6/26,50
2022/6/27,51
2022/6/28,53
2022/6/29,51
2022/6/30,52
2022/1/3,48
2022/1/4,70
2022/1/5,84
2022/1/6,99
2022/1/7,98
2022/1/8,94
2022/1/9,60
2022/1/10,50
2022/1/11,50
2022/1/12,56
2022/1/13,49
2022/1/14,37
2022/1/15,37
2022/1/16,28
2022/1/17,32
2022/1/18,35
2022/1/19,24
2022/1/20,26
2022/1/21,44
2022/1/22,53
2022/1/23,41
2022/1/24,25
2022/1/25,40
2022/1/26,42
2022/1/27,28
2022/1/28,42
2022/1/29,33
2022/1/30,49
2022/1/31,69
2022/2/1,78
2022/2/2,69
2022/2/3,57
2022/2/4,66
2022/2/5,46
2022/2/6,58
2022/2/7,67
2022/2/8,64
2022/2/9,44
2022/2/10,33
2022/2/11,61
2022/2/12,61
2022/2/13,84
2022/2/14,66
2022/2/15,57
2022/2/16,51
2022/2/17,69
2022/2/18,67
2022/2/19,54
2022/2/20,47
2022/2/21,46
2022/2/22,61
2022/2/23,67
2022/2/24,61
2022/2/25,56
2022/2/26,42
2022/2/27,55
2022/2/28,58
2022/3/1,56
2022/3/2,56
2022/3/3,60
2022/3/4,46
2022/3/5,42
2022/3/6,47
2022/3/7,51
2022/3/8,53
2022/3/9,51
2022/3/10,54
2022/3/11,51
2022/3/12,64
2022/3/13,55
2022/3/14,44
2022/3/15,60
2022/3/16,64
2022/3/17,53
2022/3/18,48
2022/3/19,25
2022/3/20,10
2022/3/21,28
2022/3/22,48
2022/3/23,50
2022/3/24,52
2022/3/25,51
2022/3/26,43
2022/3/27,31
2022/3/28,58
2022/3/29,68
2022/3/30,65
2022/3/31,54
2021/10/1,40
2021/10/2,56
2021/10/3,62
2021/10/4,43
2021/10/5,52
2021/10/6,53
2021/10/7,53
2021/10/8,48
2021/10/9,61
2021/10/10,85
2021/10/11,80
2021/10/12,78
2021/10/13,55
2021/10/14,55
2021/10/15,56
2021/10/16,68
2021/10/17,76
2021/10/18,54
2021/10/19,53
2021/10/20,52
2021/10/21,53
2021/10/22,66
2021/10/23,84
2021/10/24,86
2021/10/25,55
2021/10/26,38
2021/10/27,54
2021/10/28,88
2021/10/29,71
2021/10/30,58
2021/10/31,69
2021/11/1,91
2021/11/2,81
2021/11/3,68
2021/11/4,85
2021/11/5,89
2021/11/6,117
2021/11/7,123
2021/11/8,90
2021/11/9,87
2021/11/10,75
2021/11/11,60
2021/11/17,71
2021/11/18,98
2021/11/19,148
2021/11/20,100
2021/11/21,62
2021/11/22,85
2021/11/23,118
2021/11/24,89
2021/11/25,48
2021/11/26,51
2021/11/27,63
2021/11/28,59
2021/11/29,63
2021/11/30,71
2021/12/1,62
2021/12/2,48
2021/12/3,54
2021/12/4,93
2021/12/5,119
2021/12/6,152
2021/12/7,66
2021/12/8,88
2021/12/9,49
2021/12/10,62
2021/12/11,66
2021/12/12,69
2021/12/13,77
2021/12/14,108
2021/12/15,87
2021/12/16,45
2021/12/17,57
2021/12/18,44
2021/12/19,47
2021/12/20,40
2021/12/21,34
2021/12/22,18
2021/12/23,45
2021/12/24,52
2021/12/25,64
2021/12/26,79
2021/12/27,104
2021/12/28,101
2021/12/29,92
2021/12/30,101
2021/12/31,82
2022/1/1,116
2022/1/2,78
2021/7/1,53
2021/7/2,79
2021/7/3,85
2021/7/4,61
2021/7/5,46
2021/7/6,50
2021/7/7,52
2021/7/8,52
2021/7/9,48
2021/7/10,53
2021/7/11,54
2021/7/12,62
2021/7/13,64
2021/7/14,63
2021/7/15,70
2021/7/16,61
2021/7/17,62
2021/7/18,61
2021/7/19,63
2021/7/20,72
2021/7/21,72
2021/7/22,61
2021/7/23,47
2021/7/24,52
2021/7/25,65
2021/7/26,937
2021/7/27,592
2021/7/28,45
2021/7/29,57
2021/7/30,67
2021/7/31,56
2021/8/1,59
2021/8/2,56
2021/8/3,57
2021/8/4,58
2021/8/5,62
2021/8/6,64
2021/8/7,66
2021/8/8,61
2021/8/9,63
2021/8/10,40
2021/8/11,15
2021/8/12,43
2021/8/13,60
2021/8/14,56
2021/8/15,52
2021/8/16,58
2021/8/17,59
2021/8/18,59
2021/8/19,62
2021/8/20,52
2021/8/21,50
2021/8/22,52
2021/8/23,52
2021/8/24,56
2021/8/25,53
2021/8/26,66
2021/8/27,81
2021/8/28,81
2021/8/29,69
2021/8/30,74
2021/8/31,74
2021/9/1,72
2021/9/2,60
2021/9/3,43
2021/9/4,47
2021/9/5,54
2021/9/6,51
2021/9/7,35
2021/9/8,26
2021/9/9,43
2021/9/10,55
2021/9/11,46
2021/9/12,52
2021/9/13,64
2021/9/14,61
2021/9/15,59
2021/9/16,56
2021/9/17,61
2021/9/18,73
2021/9/19,76
2021/9/20,64
2021/9/21,79
2021/9/22,80
2021/9/23,39
2021/9/24,42
2021/9/25,56
2021/9/26,98
2021/9/27,78
2021/9/28,66
2021/9/29,67
2021/9/30,49
2021/4/1,24
2021/4/2,59
2021/4/3,56
2021/4/4,51
2021/4/5,48
2021/4/6,56
2021/4/7,60
2021/4/8,55
2021/4/9,32
2021/4/10,30
2021/4/11,37
2021/4/12,36
2021/4/13,47
2021/4/14,44
2021/4/15,54
2021/4/16,55
2021/4/17,65
2021/4/18,67
2021/4/19,56
2021/4/20,56
2021/4/21,42
2021/4/22,47
2021/4/23,46
2021/4/24,45
2021/4/25,44
2021/4/26,42
2021/4/27,38
2021/4/28,41
2021/4/29,53
2021/4/30,62
2021/5/1,60
2021/5/2,61
2021/5/3,59
2021/5/4,76
2021/5/5,58
2021/5/6,55
2021/5/7,54
2021/5/8,52
2021/5/9,54
2021/5/10,50
2021/5/11,46
2021/5/12,51
2021/5/13,55
2021/5/16,40
2021/5/17,57
2021/5/18,60
2021/5/19,54
2021/5/20,50
2021/5/21,168
2021/5/22,60
2021/5/23,36
2021/5/24,40
2021/5/25,47
2021/5/26,73
2021/5/27,39
2021/5/28,37
2021/5/29,44
2021/5/30,52
2021/5/31,46
2021/6/1,53
2021/6/2,55
2021/6/3,41
2021/6/4,49
2021/6/6,57
2021/6/7,51
2021/6/8,60
2021/6/9,67
2021/6/10,57
2021/6/11,58
2021/6/12,60
2021/6/13,59
2021/6/14,58
2021/6/15,58
2021/6/16,47
2021/6/17,52
2021/6/18,54
2021/6/19,52
2021/6/20,57
2021/6/21,55
2021/6/22,53
2021/6/23,67
2021/6/24,55
2021/6/25,61
2021/6/26,67
2021/6/27,59
2021/6/28,56
2021/6/29,60
2021/6/30,42
2021/1/4,156
2021/1/5,114
2021/1/6,106
2021/1/7,72
2021/1/8,102
2021/1/9,99
2021/1/10,84
2021/1/11,65
2021/1/12,73
2021/1/13,59
2021/1/14,59
2021/1/15,22
2021/1/16,25
2021/1/17,49
2021/1/18,6
2021/1/19,38
2021/1/20,76
2021/1/21,59
2021/1/22,92
2021/1/23,93
2021/1/25,5
2021/1/26,23
2021/1/27,31
2021/1/28,33
2021/1/29,19
2021/1/30,23
2021/1/31,31
2021/2/1,62
2021/2/2,49
2021/2/3,52
2021/2/4,70
2021/2/5,72
2021/2/6,68
2021/2/7,95
2021/2/8,102
2021/2/9,53
2021/2/10,51
2021/2/11,60
2021/2/12,54
2021/2/13,25
2021/2/14,47
2021/2/15,50
2021/2/16,15
2021/2/17,14
2021/2/18,30
2021/2/19,29
2021/2/20,25
2021/2/21,53
2021/2/22,78
2021/2/23,90
2021/2/24,104
2021/2/25,80
2021/2/26,66
2021/2/27,74
2021/2/28,78
2021/3/1,43
2021/3/2,42
2021/3/3,34
2021/3/4,57
2021/3/5,73
2021/3/6,67
2021/3/7,65
2021/3/8,45
2021/3/9,53
2021/3/10,65
2021/3/11,69
2021/3/12,51
2021/3/13,50
2021/3/14,65
2021/3/15,76
2021/3/16,57
2021/3/17,29
2021/3/18,42
2021/3/19,51
2021/3/20,72
2021/3/21,56
2021/3/22,82
2021/3/23,72
2021/3/24,45
2021/3/25,24
2021/3/26,26
2021/3/27,39
2021/3/28,56
2021/3/29,67
2021/3/30,53
2021/3/31,34
2020/10/1,53
2020/10/2,62
2020/10/3,66
2020/10/4,75
2020/10/5,70
2020/10/6,77
2020/10/7,83
2020/10/8,78
2020/10/9,61
2020/10/10,57
2020/10/11,72
2020/10/12,74
2020/10/13,74
2020/10/14,67
2020/10/15,97
2020/10/16,78
2020/10/17,73
2020/10/18,74
2020/10/19,66
2020/10/20,37
2020/10/21,43
2020/10/22,58
2020/10/23,74
2020/10/24,72
2020/10/25,75
2020/10/26,75
2020/10/27,77
2020/10/28,74
2020/11/30,104
2020/12/1,132
2020/12/2,128
2020/12/3,105
2020/12/4,81
2020/12/5,84
2020/12/6,94
2020/12/7,117
2020/12/8,148
2020/12/9,130
2020/12/14,546
2020/12/15,139
2020/12/16,52
2020/12/17,56
2020/12/18,79
2020/12/19,60
2020/12/21,108
2020/12/22,113
2020/12/23,61
2020/12/24,55
2020/12/25,54
2020/12/26,91
2020/12/27,92
2020/12/28,87
2020/12/29,79
2020/12/30,73
2020/12/31,107
2021/1/1,69
2021/1/2,56
2021/1/3,297
2020/7/1,54
2020/7/2,54
2020/7/3,54
2020/7/4,60
2020/7/5,60
2020/7/6,60
2020/7/7,56
2020/7/8,51
2020/7/9,41
2020/7/10,52
2020/7/11,52
2020/7/12,50
2020/7/13,52
2020/7/14,49
2020/7/15,54
2020/7/16,55
2020/7/17,49
2020/7/18,31
2020/7/20,51
2020/7/21,64
2020/7/22,53
2020/7/23,52
2020/7/24,55
2020/7/25,56
2020/7/26,48
2020/7/27,57
2020/7/28,57
2020/7/29,37
2020/7/30,48
2020/7/31,37
2020/8/1,35
2020/8/2,19
2020/8/3,29
2020/8/4,49
2020/8/5,27
2020/8/6,34
2020/8/7,48
2020/8/8,55
2020/8/9,53
2020/8/10,53
2020/8/11,51
2020/8/12,54
2020/8/13,42
2020/8/14,24
2020/8/15,36
2020/8/16,50
2020/8/17,38
2020/8/18,42
2020/8/19,46
2020/8/20,49
2020/8/21,56
2020/8/22,49
2020/8/23,61
2020/8/24,56
2020/8/25,56
2020/8/26,64
2020/8/27,57
2020/8/28,47
2020/8/29,47
2020/8/30,57
2020/8/31,54
2020/9/1,65
2020/9/2,63
2020/9/3,62
2020/9/4,67
2020/9/5,58
2020/9/6,33
2020/9/7,57
2020/9/8,72
2020/9/9,59
2020/9/10,47
2020/9/11,61
2020/9/12,58
2020/9/13,58
2020/9/14,57
2020/9/15,62
2020/9/16,46
2020/9/17,50
2020/9/18,64
2020/9/19,58
2020/9/20,51
2020/9/21,41
2020/9/22,52
2020/9/23,59
2020/9/24,68
2020/9/25,69
2020/9/26,62
2020/9/27,68
2020/9/28,74
2020/9/29,70
2020/9/30,59
2020/4/1,65
2020/4/2,67
2020/4/3,44
2020/4/4,51
2020/4/5,62
2020/4/6,52
2020/4/7,50
2020/4/8,33
2020/4/9,42
2020/4/10,45
2020/4/11,54
2020/4/12,60
2020/4/13,52
2020/4/14,60
2020/4/15,77
2020/4/16,68
2020/4/17,46
2020/4/18,60
2020/4/19,62
2020/4/20,68
2020/4/21,63
2020/4/22,57
2020/4/23,38
2020/4/24,33
2020/4/25,56
2020/4/26,61
2020/4/27,66
2020/4/28,71
2020/4/29,55
2020/4/30,63
2020/5/1,64
2020/5/2,66
2020/5/3,64
2020/5/4,47
2020/5/5,43
2020/5/6,48
2020/5/7,43
2020/5/8,38
2020/5/9,51
2020/5/10,54
2020/5/11,57
2020/5/12,61
2020/5/13,61
2020/5/14,63
2020/5/15,67
2020/5/16,73
2020/5/17,64
2020/5/18,59
2020/5/19,60
2020/5/20,80
2020/5/21,71
2020/5/22,71
2020/5/23,57
2020/5/24,48
2020/5/25,36
2020/5/26,40
2020/5/27,56
2020/5/28,57
2020/5/29,45
2020/5/30,51
2020/5/31,52
2020/6/1,59
2020/6/2,56
2020/6/3,48
2020/6/4,39
2020/6/5,52
2020/6/6,57
2020/6/7,57
2020/6/8,61
2020/6/9,65
2020/6/10,59
2020/6/11,54
2020/6/12,59
2020/6/13,54
2020/6/14,53
2020/6/15,55
2020/6/16,62
2020/6/17,72
2020/6/18,67
2020/6/19,57
2020/6/20,56
2020/6/21,46
2020/6/22,55
2020/6/23,65
2020/6/24,60
2020/6/25,47
2020/6/29,52
2020/6/30,51
2020/1/1,34
2020/1/2,18
2020/1/3,18
2020/1/4,49
2020/1/5,62
2020/1/6,78
2020/1/7,17
2020/1/8,20
2020/1/9,27
2020/1/10,47
2020/1/11,103
2020/1/12,123
2020/1/13,134
2020/1/14,133
2020/1/15,152
2020/1/16,154
2020/1/17,96
2020/1/18,102
2020/1/19,91
2020/1/20,65
2020/1/21,42
2020/1/22,49
2020/1/23,70
2020/1/24,59
2020/1/25,70
2020/1/26,110
2020/1/27,128
2020/1/28,153
2020/1/29,116
2020/1/30,51
2020/1/31,15
2020/2/1,29
2020/2/2,49
2020/2/3,52
2020/2/4,53
2020/2/5,45
2020/2/6,61
2020/2/7,66
2020/2/8,62
2020/2/9,64
2020/2/10,73
2020/2/11,82
2020/2/12,106
2020/2/13,75
2020/2/14,71
2020/2/15,80
2020/2/16,77
2020/2/17,61
2020/2/18,86
2020/2/19,87
2020/2/20,95
2020/2/21,79
2020/2/22,51
2020/2/23,41
2020/2/24,42
2020/2/25,49
2020/2/26,62
2020/2/27,64
2020/2/28,57
2020/2/29,64
2020/3/1,56
2020/3/2,64
2020/3/3,119
2020/3/4,102
2020/3/5,76
2020/3/6,65
2020/3/7,48
2020/3/8,71
2020/3/9,68
2020/3/10,67
2020/3/11,50
2020/3/12,70
2020/3/13,59
2020/3/14,68
2020/3/15,69
2020/3/16,45
2020/3/17,26
2020/3/18,41
2020/3/19,55
2020/3/20,53
2020/3/21,50
2020/3/22,73
2020/3/23,63
2020/3/24,55
2020/3/25,62
2020/3/26,57
2020/3/27,58
2020/3/28,59
2020/3/29,66
2019/10/1,9
2019/10/2,7
2019/10/3,4
2019/10/4,13
2019/10/5,26
2019/10/6,51
2019/10/7,45
2019/10/8,40
2019/10/9,45
2019/10/10,79
2019/10/11,48
2019/10/12,60
2019/10/13,56
2019/10/14,57
2019/10/15,67
2019/10/16,61
2019/10/17,69
2019/10/18,71
2019/10/19,69
2019/10/20,90
2019/10/21,67
2019/10/22,39
2019/10/23,50
2019/10/24,38
2019/10/25,59
2019/10/26,73
2019/10/27,60
2019/10/28,81
2019/10/29,110
2019/10/30,109
2019/10/31,104
2019/11/1,59
2019/11/2,10
2019/11/3,85
2019/11/4,80
2019/11/5,80
2019/11/6,78
2019/11/7,78
2019/11/8,85
2019/11/9,90
2019/11/10,86
2019/11/11,101
2019/11/12,93
2019/11/13,92
2019/11/14,95
2019/11/15,82
2019/11/16,93
2019/11/17,108
2019/11/18,103
2019/11/19,134
2019/11/20,155
2019/11/21,156
2019/11/22,154
2019/11/23,152
2019/11/24,151
2019/11/25,153
2019/11/26,114
2019/11/27,74
2019/11/28,58
2019/11/29,78
2019/11/30,43
2019/12/1,22
2019/12/2,18
2019/12/3,77
2019/12/4,128
2019/12/5,84
2019/12/6,40
2019/12/7,69
2019/12/8,72
2019/12/9,107
2019/12/10,99
2019/12/11,107
2019/12/12,118
2019/12/13,78
2019/12/14,24
2019/12/15,24
2019/12/16,62
2019/12/17,90
2019/12/18,156
2019/12/19,163
2019/12/20,175
2019/12/21,164
2019/12/22,158
2019/12/23,95
2019/12/24,40
2019/12/25,15
2019/12/26,41
2019/12/27,50
2019/12/28,37
2019/12/29,84
2019/7/1,41
2019/7/2,24
2019/7/3,41
2019/7/4,30
2019/7/5,36
2019/7/6,38
2019/7/7,34
2019/7/8,30
2019/7/9,32
2019/7/10,46
2019/7/11,37
2019/7/12,12
2019/7/13,26
2019/7/14,29
2019/7/15,40
2019/7/16,19
2019/7/17,28
2019/7/18,19
2019/7/19,23
2019/7/20,37
2019/7/21,34
2019/7/22,40
2019/7/23,56
2019/7/24,46
2019/7/25,39
2019/7/26,20
2019/7/27,37
2019/7/28,42
2019/7/29,36
2019/7/30,61
2019/7/31,70
2019/8/1,49
2019/8/2,35
2019/8/3,39
2019/8/4,42
2019/8/5,15
2019/8/6,17
2019/8/7,15
2019/8/8,15
2019/8/9,29
2019/8/10,28
2019/8/11,34
2019/8/12,22
2019/8/13,24
2019/8/14,28
2019/8/15,40
2019/8/16,39
2019/8/17,43
2019/8/18,17
2019/8/19,12
2019/8/20,25
2019/8/21,53
2019/8/22,36
2019/8/23,53
2019/8/24,41
2019/8/25,37
2019/8/26,26
2019/8/27,30
2019/8/28,39
2019/8/29,48
2019/8/30,24
2019/8/31,34
2019/9/1,26
2019/9/2,41
2019/9/3,41
2019/9/4,31
2019/9/5,24
2019/9/6,44
2019/9/7,15
2019/9/8,11
2019/9/9,14
2019/9/10,20
2019/9/11,18
2019/9/12,10
2019/9/13,26
2019/9/14,18
2019/9/15,13
2019/9/16,44
2019/9/17,26
2019/9/18,51
2019/9/19,51
2019/9/20,53
2019/9/21,7
2019/9/22,36
2019/9/23,49
2019/9/24,41
2019/9/25,54
2019/9/26,71
2019/9/27,83
2019/9/28,15
2019/9/29,4
2019/9/30,4
2019/4/1,29
2019/4/2,19
2019/4/3,20
2019/4/4,26
2019/4/5,38
2019/4/6,25
2019/4/7,9
2019/4/8,17
2019/4/9,17
2019/4/10,10
2019/4/11,12
2019/4/12,14
2019/4/13,23
2019/4/14,23
2019/4/15,34
2019/4/16,14
2019/4/17,8
2019/4/18,17
2019/4/19,16
2019/4/20,11
2019/4/21,9
2019/4/22,14
2019/4/23,22
2019/4/24,19
2019/4/25,53
2019/4/26,106
2019/4/27,50
2019/4/28,45
2019/4/29,57
2019/4/30,41
2019/5/1,43
2019/5/2,35
2019/5/3,34
2019/5/4,35
2019/5/5,35
2019/5/6,81
2019/5/7,121
2019/5/8,8
2019/5/9,22
2019/5/10,50
2019/5/11,47
2019/5/12,43
2019/5/13,59
2019/5/14,25
2019/5/15,26
2019/5/16,42
2019/5/17,33
2019/5/18,26
2019/5/19,48
2019/5/20,79
2019/5/21,43
2019/5/22,17
2019/5/23,19
2019/5/24,32
2019/5/25,34
2019/5/26,27
2019/5/27,45
2019/5/28,48
2019/5/29,49
2019/5/30,56
2019/5/31,54
2019/6/1,29
2019/6/2,27
2019/6/3,50
2019/6/4,32
2019/6/5,58
2019/6/6,50
2019/6/7,42
2019/6/8,31
2019/6/9,53
2019/6/10,34
2019/6/11,26
2019/6/12,44
2019/6/13,233
2019/6/14,70
2019/6/15,38
2019/6/16,48
2019/6/17,48
2019/6/18,51
2019/6/19,43
2019/6/20,36
2019/6/21,42
2019/6/22,49
2019/6/23,55
2019/6/24,34
2019/6/25,51
2019/6/26,54
2019/6/27,47
2019/6/28,46
2019/6/29,43
2019/6/30,20
2019/1/1,45
2019/1/2,51
2019/1/3,27
2019/1/4,15
2019/1/5,40
2019/1/6,35
2019/1/7,45
2019/1/8,62
2019/1/9,54
2019/1/10,74
2019/1/11,57
2019/1/12,28
2019/1/13,60
2019/1/14,26
2019/1/15,34
2019/1/16,21
2019/1/17,26
2019/1/18,54
2019/1/19,40
2019/1/21,78
2019/1/22,34
2019/1/23,23
2019/1/24,29
2019/1/25,15
2019/1/26,50
2019/1/28,28
2019/1/29,23
2019/1/30,14
2019/1/31,15
2019/2/1,11
2019/2/2,31
2019/2/4,62
2019/2/5,38
2019/2/6,27
2019/2/7,18
2019/2/8,21
2019/2/9,19
2019/2/10,16
2019/2/11,23
2019/2/12,38
2019/2/13,32
2019/2/14,18
2019/2/15,10
2019/2/16,11
2019/2/17,28
2019/2/18,50
2019/2/19,39
2019/2/20,50
2019/2/21,52
2019/2/22,63
2019/2/23,29
2019/2/25,50
2019/2/26,33
2019/2/27,14
2019/2/28,17
2019/3/1,26
2019/3/2,21
2019/3/4,33
2019/3/5,35
2019/3/6,26
2019/3/7,14
2019/3/8,31
2019/3/9,38
2019/3/10,47
2019/3/11,27
2019/3/12,21
2019/3/13,9
2019/3/14,18
2019/3/15,15
2019/3/16,12
2019/3/17,16
2019/3/18,27
2019/3/19,30
2019/3/20,29
2019/3/21,17
2019/3/22,20
2019/3/23,15
2019/3/24,16
2019/3/25,14
2019/3/26,27
2019/3/27,26
2019/3/28,19
2019/3/29,14
2019/3/30,13
2019/3/31,17
2018/10/2,29
2018/10/3,73
2018/10/4,67
2018/10/5,54
2018/10/6,32
2018/10/7,47
2018/10/8,109
2018/11/26,69
2018/11/27,33
2018/11/28,12
2018/11/29,18
2018/11/30,23
2018/12/1,20
2018/12/2,37
2018/12/3,80
2018/12/4,60
2018/12/5,51
2018/12/6,25
2018/12/7,9
2018/12/8,31
2018/12/9,89
2018/12/10,57
2018/12/11,13
2018/12/12,35
2018/12/13,21
2018/12/14,77
2018/12/15,125
2018/12/17,89
2018/12/18,28
2018/12/19,14
2018/12/20,11
2018/12/21,28
2018/12/22,32
2018/12/24,27
2018/12/25,19
2018/12/26,31
2018/12/27,57
2018/12/28,60
2018/12/29,58
2018/7/11,32
2018/7/12,35
2018/7/13,34
2018/7/14,43
2018/7/15,27
2018/7/16,36
2018/7/17,31
2018/7/18,68
2018/7/19,47
2018/7/20,48
2018/7/21,28
2018/7/23,760
2018/7/24,604
2018/7/25,37
2018/7/26,73
2018/7/27,49
2018/7/28,41
2018/7/29,68
2018/7/30,41
2018/7/31,58
2018/8/1,41
2018/8/2,55
2018/8/3,48
2018/8/7,31
2018/8/8,44
2018/8/9,38
2018/8/10,29
2018/8/11,70
2018/8/12,35
2018/8/13,33
2018/8/14,28
2018/8/15,42
2018/8/16,60
2018/8/17,43
2018/8/18,38
2018/8/19,34
2018/8/20,41
2018/8/21,54
2018/8/27,47
2018/8/28,54
2018/8/29,44
2018/8/30,44
2018/8/31,33
2018/9/1,67
2018/9/5,84
2018/9/6,53
2018/9/7,28
2018/9/8,47
2018/9/9,72
2018/9/10,87
2018/9/11,47
2018/9/12,37
2018/9/13,50
2018/9/14,43
2018/9/15,18
2018/9/16,40
2018/9/17,40
2018/9/18,20
2018/9/19,42
2018/9/20,28
2018/9/21,62
2018/9/22,37
2018/9/23,37
2018/9/24,55
2018/9/25,59
2018/9/26,13
2018/9/27,14
2018/4/3,59
2018/4/4,83
2018/4/5,92
2018/4/6,64
2018/4/7,55
2018/4/8,69
2018/4/9,62
2018/4/10,64
2018/4/11,82
2018/4/12,88
2018/4/13,86
2018/4/14,72
2018/4/15,66
2018/4/16,62
2018/4/17,89
2018/6/28,50
2018/1/1,76
2018/1/2,89
2018/1/3,95
2018/1/4,34
2018/1/6,97
2018/1/7,122
2018/1/8,121
2018/1/9,121
2018/1/10,133
2018/1/11,133
2018/1/12,116
2018/1/13,74
2018/1/14,58
2018/1/15,43
2018/1/16,78
2018/1/17,76
2018/1/18,31
2018/1/19,54
2018/1/20,94
2018/1/21,42
2018/1/22,41
2018/1/23,55
2018/1/24,27
2018/1/25,21
2018/1/26,34
2018/1/27,44
2018/1/28,68
2018/1/29,78
2018/1/30,84
2018/1/31,103
2018/2/1,128
2018/2/2,84
2018/2/3,78
2018/2/4,84
2018/2/5,55
2018/2/6,100
2018/2/7,103
2018/2/8,112
2018/2/9,88
2018/2/10,155
2018/2/12,43
2018/2/13,78
2018/2/14,97
2018/2/15,83
2018/2/16,61
2018/2/17,118
2018/2/18,65
2018/2/19,114
2018/2/20,96
2018/2/21,110
2018/2/22,88
2018/2/23,104
2018/2/24,92
2018/2/25,45
2018/2/26,55
2018/2/27,44
2018/2/28,36
2018/3/1,52
2018/3/2,96
2018/3/3,60
2018/3/4,59
2018/3/5,64
2018/3/6,86
2018/3/7,95
2018/3/8,88
2018/3/9,49
2018/3/10,58
2018/3/11,83
2018/3/12,114
2018/3/13,111
2018/3/14,38
2018/3/15,46
2018/3/16,55
2018/3/17,61
2018/3/18,78
2018/3/19,68
2018/3/20,76
2018/3/21,50
2018/3/22,50
2018/3/23,78
2018/3/24,73
2018/3/25,31
2018/3/26,57
2018/3/27,99
2018/3/28,90
2018/3/29,58
2018/3/30,45
2017/10/1,50
2017/10/2,44
2017/10/3,47
2017/10/4,57
2017/10/5,74
2017/10/6,75
2017/10/7,80
2017/10/8,44
2017/10/9,46
2017/10/10,60
2017/10/11,66
2017/10/12,68
2017/10/13,83
2017/10/14,91
2017/10/15,60
2017/10/16,55
2017/10/17,55
2017/10/18,79
2017/10/19,86
2017/10/20,101
2017/10/21,100
2017/10/22,105
2017/10/23,97
2017/10/24,79
2017/10/25,62
2017/10/26,50
2017/10/27,74
2017/10/28,110
2017/10/29,42
2017/10/30,49
2017/10/31,40
2017/11/1,63
2017/11/2,93
2017/11/3,120
2017/11/4,128
2017/11/5,91
2017/11/6,69
2017/11/7,91
2017/11/8,153
2017/11/9,152
2017/11/10,142
2017/11/11,146
2017/11/12,145
2017/11/13,106
2017/11/14,104
2017/11/15,132
2017/11/16,107
2017/11/17,121
2017/11/18,147
2017/11/19,117
2017/11/20,38
2017/11/21,33
2017/11/23,65
2017/11/24,64
2017/11/25,77
2017/11/26,118
2017/11/27,129
2017/11/28,61
2017/11/29,44
2017/11/30,74
2017/12/1,113
2017/12/2,140
2017/12/3,133
2017/12/4,133
2017/12/5,52
2017/12/6,43
2017/12/7,57
2017/12/8,79
2017/12/9,125
2017/12/10,64
2017/12/11,51
2017/12/12,131
2017/12/13,152
2017/12/14,172
2017/12/15,183
2017/12/16,143
2017/12/17,74
2017/12/18,59
2017/12/19,45
2017/12/20,79
2017/12/21,86
2017/12/22,98
2017/12/23,66
2017/12/24,52
2017/12/25,88
2017/12/26,130
2017/12/27,111
2017/12/28,116
2017/12/29,85
2017/12/30,46
2017/7/1,69
2017/7/2,49
2017/7/3,63
2017/7/4,75
2017/7/5,30
2017/7/6,33
2017/7/7,40
2017/7/8,47
2017/7/9,42
2017/7/10,32
2017/7/11,45
2017/7/12,50
2017/7/13,41
2017/7/14,50
2017/7/15,52
2017/7/16,65
2017/7/17,48
2017/7/18,72
2017/7/19,52
2017/7/20,53
2017/7/21,41
2017/7/22,56
2017/7/23,34
2017/7/24,52
2017/7/25,61
2017/7/26,74
2017/7/27,71
2017/7/28,63
2017/7/29,49
2017/7/30,50
2017/7/31,32
2017/8/1,48
2017/8/2,43
2017/8/3,54
2017/8/4,60
2017/8/5,76
2017/8/6,44
2017/8/7,64
2017/8/8,63
2017/8/9,61
2017/8/10,53
2017/8/11,70
2017/8/12,64
2017/8/13,67
2017/8/14,80
2017/8/15,66
2017/8/16,66
2017/8/17,59
2017/8/18,62
2017/8/19,68
2017/8/20,62
2017/8/21,60
2017/8/22,56
2017/8/23,38
2017/8/24,42
2017/8/25,35
2017/8/26,31
2017/8/27,36
2017/8/28,49
2017/8/29,51
2017/8/30,56
2017/8/31,36
2017/9/1,30
2017/9/2,50
2017/9/3,55
2017/9/4,62
2017/9/5,69
2017/9/6,79
2017/9/11,78
2017/9/12,86
2017/9/13,88
2017/9/14,64
2017/9/15,61
2017/9/16,92
2017/9/17,69
2017/9/18,82
2017/9/19,91
2017/9/20,79
2017/9/21,75
2017/9/22,54
2017/9/23,55
2017/9/24,57
2017/9/25,52
2017/9/26,58
2017/9/27,61
2017/9/28,67
2017/9/29,55
2017/9/30,49
2017/4/1,41
2017/4/2,41
2017/4/3,50
2017/4/4,67
2017/4/5,56
2017/4/6,58
2017/4/7,45
2017/4/8,39
2017/4/9,53
2017/4/10,35
2017/4/11,55
2017/4/12,56
2017/4/13,54
2017/4/14,91
2017/4/15,66
2017/4/16,84
2017/4/17,71
2017/4/18,40
2017/4/19,47
2017/4/20,75
2017/4/21,45
2017/4/22,50
2017/4/23,51
2017/4/24,74
2017/4/25,56
2017/4/26,66
2017/4/27,77
2017/4/28,78
2017/4/29,69
2017/4/30,73
2017/5/1,77
2017/5/2,63
2017/5/3,76
2017/5/4,56
2017/5/5,60
2017/5/6,60
2017/5/7,35
2017/5/8,52
2017/5/9,41
2017/5/10,43
2017/5/11,37
2017/5/12,49
2017/5/13,75
2017/5/14,76
2017/5/15,31
2017/5/16,29
2017/5/17,38
2017/5/18,36
2017/5/19,32
2017/5/20,28
2017/5/21,52
2017/5/22,35
2017/5/23,48
2017/5/24,51
2017/5/25,61
2017/5/26,55
2017/5/27,75
2017/5/28,62
2017/5/29,43
2017/5/30,38
2017/5/31,50
2017/6/1,68
2017/6/2,65
2017/6/3,80
2017/6/4,67
2017/6/5,50
2017/6/6,57
2017/6/7,69
2017/6/8,88
2017/6/9,47
2017/6/10,34
2017/6/11,47
2017/6/12,37
2017/6/13,42
2017/6/14,52
2017/6/15,52
2017/6/16,50
2017/6/17,44
2017/6/18,64
2017/6/19,58
2017/6/20,37
2017/6/21,77
2017/6/22,79
2017/6/23,51
2017/6/24,71
2017/6/25,46
2017/6/26,36
2017/6/27,56
2017/6/28,69
2017/6/29,62
2017/6/30,63
2017/1/2,134
2017/1/3,137
2017/1/4,93
2017/1/5,87
2017/1/6,24
2017/1/7,33
2017/1/8,37
2017/1/9,61
2017/1/10,68
2017/1/11,29
2017/1/12,57
2017/1/13,46
2017/1/14,97
2017/1/15,108
2017/1/16,99
2017/1/17,79
2017/1/18,112
2017/1/19,134
2017/1/20,81
2017/1/21,41
2017/1/22,59
2017/1/23,41
2017/1/24,107
2017/1/25,114
2017/1/26,22
2017/1/27,32
2017/1/28,33
2017/1/29,50
2017/1/30,93
2017/1/31,94
2017/2/1,95
2017/2/2,106
2017/2/3,111
2017/2/4,135
2017/2/5,71
2017/2/6,56
2017/2/7,83
2017/2/8,110
2017/2/9,133
2017/2/10,140
2017/2/11,130
2017/2/12,57
2017/2/13,29
2017/2/14,34
2017/2/15,55
2017/2/16,36
2017/2/17,75
2017/2/18,72
2017/2/19,112
2017/2/20,287
2017/2/21,279
2017/2/22,72
2017/2/23,76
2017/2/24,110
2017/2/25,54
2017/2/26,97
2017/2/27,125
2017/2/28,102
2017/3/1,92
2017/3/2,76
2017/3/3,79
2017/3/4,48
2017/3/5,64
2017/3/6,85
2017/3/7,83
2017/3/8,70
2017/3/9,69
2017/3/10,44
2017/3/11,61
2017/3/12,45
2017/3/13,48
2017/3/14,46
2017/3/15,40
2017/3/16,73
2017/3/17,74
2017/3/18,39
2017/3/19,51
2017/3/20,54
2017/3/21,53
2017/3/22,73
2017/3/23,50
2017/3/24,46
2017/3/25,78
2017/3/26,63
2017/3/27,70
2017/3/28,58
2017/3/29,68
2017/3/30,62
2017/3/31,42
2016/10/1,65
2016/10/2,98
2016/10/3,90
2016/10/4,102
2016/10/5,120
2016/10/6,111
2016/10/7,82
2016/10/8,10
2016/10/9,10
2016/10/10,12
2016/10/11,12
2016/10/12,34
2016/10/13,68
2016/10/14,61
2016/10/15,65
2016/10/16,106
2016/10/17,93
2016/10/18,32
2016/10/19,67
2016/10/20,103
2016/10/21,87
2016/10/22,114
2016/10/23,135
2016/10/24,102
2016/10/25,58
2016/10/26,83
2016/10/27,102
2016/10/28,59
2016/10/29,85
2016/10/30,63
2016/10/31,77
2016/11/1,53
2016/11/2,70
2016/11/3,111
2016/11/4,140
2016/11/5,115
2016/11/6,131
2016/11/7,99
2016/11/8,97
2016/11/9,125
2016/11/10,48
2016/11/11,64
2016/11/12,109
2016/11/13,92
2016/11/14,68
2016/11/15,73
2016/11/16,33
2016/11/17,68
2016/11/18,136
2016/11/19,142
2016/11/20,136
2016/11/21,149
2016/11/22,135
2016/11/23,151
2016/11/24,143
2016/11/25,165
2016/11/26,185
2016/11/27,162
2016/11/28,146
2016/11/29,75
2016/11/30,64
2016/12/1,40
2016/12/2,60
2016/12/3,60
2016/12/4,141
2016/12/5,126
2016/12/6,136
2016/12/7,142
2016/12/8,73
2016/12/9,121
2016/12/10,142
2016/12/11,144
2016/12/12,167
2016/12/13,58
2016/12/14,44
2016/12/15,88
2016/12/16,95
2016/12/17,105
2016/12/18,109
2016/12/19,121
2016/12/20,75
2016/12/21,97
2016/12/22,48
2016/12/23,74
2016/12/24,119
2016/12/25,77
2016/12/26,93
2016/12/27,62
2016/12/28,78
2016/12/29,62
2016/12/30,85
2016/12/31,104
2017/1/1,96
2016/7/1,47
2016/7/2,55
2016/7/3,49
2016/7/4,54
2016/7/5,38
2016/7/6,60
2016/7/7,55
2016/7/8,50
2016/7/9,28
2016/7/10,45
2016/7/11,35
2016/7/12,53
2016/7/13,45
2016/7/14,66
2016/7/15,65
2016/7/16,75
2016/7/17,52
2016/7/18,73
2016/7/19,63
2016/7/20,49
2016/7/21,56
2016/7/22,55
2016/7/23,57
2016/7/24,48
2016/7/25,46
2016/7/26,51
2016/7/27,65
2016/7/28,60
2016/7/29,62
2016/7/30,66
2016/7/31,79
2016/8/1,55
2016/8/2,56
2016/8/3,68
2016/8/4,59
2016/8/5,62
2016/8/6,61
2016/8/7,65
2016/8/8,59
2016/8/9,68
2016/8/10,57
2016/8/11,71
2016/8/12,59
2016/8/13,64
2016/8/14,43
2016/8/15,42
2016/8/16,38
2016/8/17,39
2016/8/18,58
2016/8/19,58
2016/8/20,60
2016/8/21,69
2016/8/22,62
2016/8/23,74
2016/8/24,91
2016/8/25,83
2016/8/26,66
2016/8/27,71
2016/8/28,68
2016/8/29,57
2016/8/30,69
2016/8/31,88
2016/9/1,50
2016/9/2,48
2016/9/3,46
2016/9/4,39
2016/9/5,64
2016/9/6,67
2016/9/7,60
2016/9/8,49
2016/9/9,67
2016/9/10,54
2016/9/11,83
2016/9/12,59
2016/9/13,55
2016/9/14,55
2016/9/15,61
2016/9/16,38
2016/9/17,54
2016/9/18,66
2016/9/19,76
2016/9/20,46
2016/9/21,51
2016/9/22,62
2016/9/28,29
2016/9/29,50
2016/9/30,61
2016/4/1,51
2016/4/2,60
2016/4/3,33
2016/4/4,32
2016/4/5,56
2016/4/6,59
2016/4/7,63
2016/4/8,59
2016/4/9,50
2016/4/10,43
2016/4/11,35
2016/4/12,38
2016/4/13,32
2016/4/14,41
2016/4/15,49
2016/4/16,44
2016/4/17,59
2016/4/18,49
2016/4/19,53
2016/4/20,53
2016/4/21,34
2016/4/22,26
2016/4/23,47
2016/4/24,44
2016/4/25,38
2016/4/26,46
2016/4/27,37
2016/4/28,66
2016/4/29,62
2016/4/30,39
2016/5/1,36
2016/5/2,43
2016/5/3,54
2016/5/4,42
2016/5/5,41
2016/5/6,43
2016/5/7,51
2016/5/8,69
2016/5/9,40
2016/5/10,50
2016/5/11,63
2016/5/12,60
2016/5/13,66
2016/5/14,55
2016/5/15,42
2016/5/16,45
2016/5/17,59
2016/5/18,52
2016/5/19,48
2016/5/20,49
2016/5/21,63
2016/5/22,55
2016/5/23,47
2016/5/24,52
2016/5/25,63
2016/5/26,74
2016/5/27,47
2016/5/28,49
2016/5/29,58
2016/5/30,84
2016/5/31,89
2016/6/1,95
2016/6/2,89
2016/6/3,67
2016/6/4,54
2016/6/5,50
2016/6/6,60
2016/6/7,33
2016/6/8,77
2016/6/9,32
2016/6/10,49
2016/6/11,57
2016/6/12,70
2016/6/13,58
2016/6/14,20
2016/6/15,15
2016/6/16,23
2016/6/17,37
2016/6/18,47
2016/6/19,44
2016/6/20,55
2016/6/21,40
2016/6/22,55
2016/6/23,51
2016/6/24,51
2016/6/25,44
2016/6/26,61
2016/6/27,57
2016/6/28,68
2016/6/29,59
2016/6/30,64
2016/1/4,60
2016/1/5,89
2016/1/6,121
2016/1/7,50
2016/1/8,58
2016/1/9,63
2016/1/10,106
2016/1/11,56
2016/1/12,31
2016/1/13,45
2016/1/14,51
2016/1/15,104
2016/1/16,107
2016/1/17,44
2016/1/18,41
2016/1/19,56
2016/1/20,59
2016/1/21,114
2016/1/22,88
2016/1/23,63
2016/1/24,59
2016/1/25,101
2016/1/26,130
2016/1/27,150
2016/1/28,163
2016/1/29,162
2016/1/30,798
2016/1/31,861
2016/2/1,999
2016/2/2,142
2016/2/3,128
2016/2/4,96
2016/2/5,66
2016/2/6,40
2016/2/7,49
2016/2/8,96
2016/2/9,129
2016/2/10,261
2016/2/11,62
2016/2/12,43
2016/2/13,32
2016/2/14,43
2016/2/15,68
2016/2/16,140
2016/2/17,125
2016/2/18,111
2016/2/19,84
2016/2/20,78
2016/2/22,64
2016/2/23,81
2016/2/24,77
2016/2/25,73
2016/2/26,134
2016/2/27,80
2016/2/28,120
2016/2/29,99
2016/3/1,85
2016/3/2,73
2016/3/3,76
2016/3/4,48
2016/3/5,65
2016/3/6,67
2016/3/7,72
2016/3/8,103
2016/3/9,269
2016/3/10,77
2016/3/11,68
2016/3/12,90
2016/3/13,86
2016/3/14,71
2016/3/15,48
2016/3/16,64
2016/3/17,67
2016/3/18,58
2016/3/19,63
2016/3/20,46
2016/3/21,64
2016/3/22,79
2016/3/23,49
2016/3/24,62
2016/3/25,55
2016/3/26,45
2016/3/27,46
2016/3/28,50
2016/3/29,63
2016/3/30,64
2016/3/31,71
2015/10/1,29
2015/10/2,29
2015/10/3,40
2015/10/4,45
2015/10/5,69
2015/10/6,70
2015/10/7,34
2015/10/8,37
2015/10/9,70
2015/10/10,52
2015/10/11,52
2015/10/12,55
2015/10/13,65
2015/10/14,36
2015/10/15,58
2015/10/16,50
2015/10/17,49
2015/10/18,65
2015/10/19,84
2015/10/20,79
2015/10/21,72
2015/10/22,46
2015/10/23,53
2015/10/24,40
2015/10/25,28
2015/10/26,40
2015/10/27,57
2015/10/28,39
2015/10/29,39
2015/10/30,54
2015/10/31,41
2015/11/1,39
2015/11/2,65
2015/11/3,96
2015/11/4,86
2015/11/5,85
2015/11/6,100
2015/11/7,94
2015/11/8,58
2015/11/9,60
2015/11/10,40
2015/11/11,56
2015/11/12,72
2015/11/13,116
2015/11/14,118
2015/11/15,120
2015/11/16,112
2015/11/17,81
2015/11/18,94
2015/11/19,109
2015/11/20,139
2015/11/21,746
2015/11/22,929
2015/11/23,917
2015/11/24,924
2015/11/25,122
2015/11/26,85
2015/11/27,60
2015/11/28,55
2015/11/29,13
2015/11/30,37
2015/12/1,60
2015/12/2,38
2015/12/3,37
2015/12/4,44
2015/12/5,64
2015/12/6,93
2015/12/7,153
2015/12/8,166
2015/12/9,101
2015/12/10,116
2015/12/11,153
2015/12/12,152
2015/12/13,121
2015/12/14,122
2015/12/15,118
2015/12/16,106
2015/12/17,64
2015/12/18,86
2015/12/19,111
2015/12/20,95
2015/12/21,105
2015/12/22,157
2015/12/23,90
2015/12/24,154
2015/12/25,160
2015/12/26,141
2015/12/27,181
2015/12/28,164
2015/12/29,103
2015/12/30,44
2015/7/1,37
2015/7/2,33
2015/7/3,30
2015/7/4,30
2015/7/5,29
2015/7/6,49
2015/7/7,51
2015/7/8,44
2015/7/9,53
2015/7/10,66
2015/7/11,32
2015/7/12,35
2015/7/13,37
2015/7/14,47
2015/7/15,47
2015/7/16,34
2015/7/17,31
2015/7/18,30
2015/7/19,31
2015/7/20,39
2015/7/21,42
2015/7/22,35
2015/7/23,39
2015/7/24,54
2015/7/25,56
2015/7/26,69
2015/7/27,61
2015/7/28,47
2015/7/29,74
2015/7/30,50
2015/7/31,48
2015/8/1,57
2015/8/2,59
2015/8/3,49
2015/8/4,40
2015/8/5,41
2015/8/6,17
2015/8/7,22
2015/8/8,27
2015/8/9,34
2015/8/10,43
2015/8/11,39
2015/8/12,43
2015/8/13,45
2015/8/14,60
2015/8/15,41
2015/8/16,43
2015/8/17,44
2015/8/18,43
2015/8/19,69
2015/8/20,48
2015/8/21,42
2015/8/22,46
2015/8/23,47
2015/8/24,28
2015/8/25,54
2015/8/26,23
2015/8/27,28
2015/8/28,43
2015/8/29,31
2015/8/30,35
2015/8/31,34
2015/9/1,34
2015/9/2,25
2015/9/3,40
2015/9/4,46
2015/9/5,41
2015/9/6,54
2015/9/7,59
2015/9/8,48
2015/9/9,30
2015/9/10,38
2015/9/11,61
2015/9/14,68
2015/9/15,41
2015/9/16,49
2015/9/17,54
2015/9/18,40
2015/9/19,43
2015/9/20,51
2015/9/21,43
2015/9/22,53
2015/9/23,33
2015/9/24,36
2015/9/25,36
2015/9/26,45
2015/9/27,49
2015/9/28,48
2015/9/29,37
2015/9/30,42
2015/4/1,89
2015/4/2,51
2015/4/3,49
2015/4/4,47
2015/4/5,75
2015/4/6,96
2015/4/7,17
2015/4/8,36
2015/4/9,10
2015/4/10,11
2015/4/11,9
2015/4/12,11
2015/4/13,10
2015/4/14,13
2015/4/22,12
2015/4/23,14
2015/4/24,19
2015/4/25,12
2015/4/26,11
2015/4/27,11
2015/4/28,16
2015/4/29,16
2015/4/30,13
2015/5/1,15
2015/5/2,12
2015/5/3,11
2015/5/4,27
2015/5/5,56
2015/5/6,60
2015/5/13,24
2015/5/14,59
2015/5/15,80
2015/5/16,97
2015/5/17,116
2015/5/18,105
2015/5/19,68
2015/5/20,99
2015/5/21,84
2015/5/22,61
2015/5/23,67
2015/5/24,76
2015/5/25,74
2015/5/26,61
2015/5/27,89
2015/5/28,51
2015/5/29,46
2015/6/1,43
2015/6/2,37
2015/6/3,55
2015/6/4,22
2015/6/5,34
2015/6/6,36
2015/6/7,30
2015/6/8,31
2015/6/9,26
2015/6/10,38
2015/6/11,34
2015/6/12,34
2015/6/13,31
2015/6/14,26
2015/6/15,37
2015/6/16,55
2015/6/17,44
2015/6/18,42
2015/6/19,33
2015/6/20,36
2015/6/21,31
2015/6/22,44
2015/6/23,32
2015/6/24,31
2015/6/25,34
2015/6/26,27
2015/6/27,38
2015/6/28,31
2015/6/29,31
2015/6/30,35
2015/1/1,38
2015/1/2,27
2015/1/3,56
2015/1/4,37
2015/1/7,32
2015/1/8,32
2015/1/17,122
2015/1/18,69
2015/1/19,82
2015/1/20,125
2015/1/21,87
2015/1/22,160
2015/1/29,55
2015/1/30,83
2015/1/31,71
2015/2/1,89
2015/2/2,65
2015/2/3,74
2015/2/5,154
2015/2/6,120
2015/2/7,87
2015/2/8,48
2015/2/9,56
2015/2/10,42
2015/2/11,22
2015/2/12,64
2015/2/13,53
2015/2/14,72
2015/2/15,80
2015/2/16,75
2015/2/17,27
2015/2/18,29
2015/2/19,24
2015/2/20,43
2015/2/21,68
2015/2/22,98
2015/2/23,145
2015/2/24,109
2015/3/9,25
2015/3/18,99
2015/3/19,113
2015/3/20,85
2015/3/21,56
2015/3/22,53
2015/3/23,84
2015/3/24,91
2015/3/25,87
2015/3/26,99
2015/3/27,106
2015/3/28,60
2015/3/29,61
2015/3/30,74
2015/3/31,63
, 
, 
, 
, 
, 
, 
, 
, 
, 
, 
, 
, 
, 
, 
, 
, 
, 
, 
, 
, 
, 
, 
, 
, 
, 
, 
, 
, 
, 
, 
, 
, 
, 
, 
, 
, 
, 
, 
, 
, 
, 
, 
, 
, 
, 
, 
, 
, 
, 
, 
, 
, 
, 
, 
, 
, 
, 
, 
, 
, 
, 
, 
, 
, 
, 
, 
, 
, 
, 
, 
, 
, 
, 
, 
, 
, 
, 
, 
, 
, 
, 
, 
, 
, 
, 
, 
, 
, 
, 
, 
, 
, 
, 
, 
, 
, 
, 
, 
, 
, 
, 
, 
, 
, 
, 
, 
, 
, 
, 
, 
, 
, 
, 
, 
, 
, 
, 
, 
, 
, 
, 
, 
, 
, 
, 
, 
, 
, 
, 
